{
    "wall_times": {
        "load_matches": 0.002140045166015625, 
        "compute_tracks": 0.012451887130737305, 
        "load_features": 0.24621105194091797
    }, 
    "num_images": 5, 
    "view_graph": [
        [
            "DSC01606.JPG", 
            "DSC01607.JPG", 
            164
        ], 
        [
            "DSC01606.JPG", 
            "DSC01608.JPG", 
            116
        ], 
        [
            "DSC01606.JPG", 
            "DSC01605.JPG", 
            90
        ], 
        [
            "DSC01606.JPG", 
            "DSC01609.JPG", 
            5
        ], 
        [
            "DSC01607.JPG", 
            "DSC01606.JPG", 
            164
        ], 
        [
            "DSC01607.JPG", 
            "DSC01608.JPG", 
            70
        ], 
        [
            "DSC01607.JPG", 
            "DSC01605.JPG", 
            3
        ], 
        [
            "DSC01607.JPG", 
            "DSC01609.JPG", 
            6
        ], 
        [
            "DSC01608.JPG", 
            "DSC01606.JPG", 
            116
        ], 
        [
            "DSC01608.JPG", 
            "DSC01607.JPG", 
            70
        ], 
        [
            "DSC01608.JPG", 
            "DSC01605.JPG", 
            25
        ], 
        [
            "DSC01608.JPG", 
            "DSC01609.JPG", 
            27
        ], 
        [
            "DSC01605.JPG", 
            "DSC01606.JPG", 
            90
        ], 
        [
            "DSC01605.JPG", 
            "DSC01607.JPG", 
            3
        ], 
        [
            "DSC01605.JPG", 
            "DSC01608.JPG", 
            25
        ], 
        [
            "DSC01605.JPG", 
            "DSC01609.JPG", 
            70
        ], 
        [
            "DSC01609.JPG", 
            "DSC01606.JPG", 
            5
        ], 
        [
            "DSC01609.JPG", 
            "DSC01607.JPG", 
            6
        ], 
        [
            "DSC01609.JPG", 
            "DSC01608.JPG", 
            27
        ], 
        [
            "DSC01609.JPG", 
            "DSC01605.JPG", 
            70
        ]
    ], 
    "num_tracks": 433, 
    "wall_time": 0.2608029842376709
}